Date,Gender,Service,Age,Location,Likes,Share,Comments ,Engagements ,Text
2021-12-30T19:56:11.995Z,Female,Kaafiye,34,Gabiley,1200,700,200,5600,Telesom is the leading Telecom in Somaliland 
2021-12-31T17:16:01.168Z,Female,Waafi,43,Berbera,2500,900,250,7500,"Telesom innovate new service, I like your services "
2021-12-30T16:47:34.685Z,Female,Internet,32,Ceerigabo,850,150,100,3300,"Telesom you have dedicated network coverage, where ever I go, I got your connections"
2021-12-31T00:07:54.511Z,Male,Aqoonmaal,17,Gabiley,920,220,300,4500,Telesom are always telecom pioneers
2021-12-30T15:52:30.802Z,Male,Mushaax,27,Oodweyne,2820,3553,2906,1746,"Telesom you have dedicated network coverage, where ever I go, I got your connections"
2021-12-31T18:56:46.113Z,Male,Kaafiye,30,Buuhoodle,3553,167,3821,2719,Telesom is always first 
2021-12-31T05:41:21.505Z,Female,Waafi,30,Borama,306,4088,257,2927,I always like your new services 
2021-12-30T14:54:11.577Z,Female,Internet,23,Berbera,1547,1697,3176,1165,Thanks for you innovation 
2021-12-30T23:52:31.608Z,Male,Aqoonmaal,30,Laascaanod,4052,3124,3988,1032,I like your qaulity service
2021-12-31T00:57:01.927Z,Female,Mushaax,25,Gabiley,2812,967,3376,799,Telesom is always first 
2022-01-01T02:36:53.653Z,Male,Kaafiye,21,Borama,307,1446,1728,1276,Thanks for you innovation 
2022-01-01T00:34:15.800Z,Female,Waafi,35,Burco,1518,1344,581,2087,I always like your new services 
2021-12-29T18:40:08.980Z,Male,Internet,18,Borama,1109,2249,3181,3774,Telesom are always telecom pioneers
2021-12-30T11:47:57.650Z,Female,Aqoonmaal,20,Laascaanod,1531,3987,318,934,I always like your new services 
2021-12-31T08:16:59.907Z,Female,Mushaax,20,Laascaanod,120,3705,2831,3199,"Telesom innovate new service, I like your services "
2021-12-31T14:34:02.811Z,Female,Kaafiye,17,Buuhoodle,728,2409,378,4417,Telesom is always first 
2021-12-30T14:33:01.939Z,Female,Waafi,37,Oodweyne,3391,1566,3141,4184,"Telesom you have dedicated network coverage, where ever I go, I got your connections"
2021-12-30T22:41:30.108Z,Female,Internet,27,Burco,2936,3724,702,4078,Thanks for you innovation 
2021-12-30T15:06:20.301Z,Male,Aqoonmaal,22,Borama,974,3356,3883,3776,I always like your new services 
2021-12-28T21:28:04.540Z,Male,Mushaax,42,Oodweyne,3170,342,1345,2586,I like your qaulity service
2021-12-31T00:37:12.281Z,Female,Kaafiye,26,Burco,3048,1621,3519,4490,I always like your new services 
2021-12-26T14:08:55.953Z,Female,Waafi,30,Berbera,4296,3476,2466,1308,"Telesom you have dedicated network coverage, where ever I go, I got your connections"
2021-12-06T02:03:13.018Z,Female,Internet,41,Hargeisa,1433,4114,3199,1657,Telesom are always telecom pioneers
2021-12-30T08:35:26.886Z,Female,Aqoonmaal,38,Buuhoodle,1498,3646,3350,946,Telesom is always first 
2021-12-30T10:56:30.584Z,Male,Mushaax,30,Gabiley,526,3072,1740,3456,Telesom is the leading Telecom in Somaliland 
2021-12-29T13:57:02.114Z,Female,Kaafiye,29,Buuhoodle,3454,3438,299,751,Telesom is always first 
2021-12-31T21:19:33.761Z,Male,Waafi,29,Oodweyne,2088,3192,260,699,Thanks for you innovation 
2022-01-01T09:50:54.661Z,Male,Internet,38,Ceerigabo,549,2384,3217,1970,"Telesom innovate new service, I like your services "
2021-12-30T17:50:06.408Z,Male,Aqoonmaal,21,Ceerigabo,4027,3418,2560,3524,"Telesom you have dedicated network coverage, where ever I go, I got your connections"
2021-12-30T20:21:59.561Z,Male,Mushaax,16,Gabiley,2682,3727,1250,964,"Telesom innovate new service, I like your services "
2021-12-29T19:56:07.896Z,Female,Kaafiye,31,Oodweyne,1257,3079,1188,1697,I like your qaulity service
2021-12-30T15:46:00.521Z,Male,Waafi,23,Berbera,2176,1883,525,1298,"Telesom you have dedicated network coverage, where ever I go, I got your connections"
2021-12-31T23:25:35.535Z,Female,Internet,29,Buuhoodle,3375,1823,1389,3489,"Telesom you have dedicated network coverage, where ever I go, I got your connections"
2021-12-31T13:07:17.507Z,Female,Aqoonmaal,23,Berbera,3435,3023,1794,2072,"Telesom innovate new service, I like your services "
2021-12-31T19:35:12.397Z,Male,Mushaax,45,Laascaanod,3271,3612,3745,4057,Telesom are always telecom pioneers
2021-12-30T20:48:20.308Z,Female,Kaafiye,16,Oodweyne,4029,456,1573,3661,"Telesom you have dedicated network coverage, where ever I go, I got your connections"
2021-12-31T08:07:15.553Z,Male,Waafi,32,Ceerigabo,4074,247,1231,2035,Telesom are always telecom pioneers
2021-12-29T13:39:37.992Z,Male,Internet,45,Laascaanod,1132,2665,745,3672,I like your qaulity service
2021-12-31T15:32:46.278Z,Male,Aqoonmaal,34,Burco,4447,1112,788,3852,I always like your new services 
2022-01-01T01:40:48.877Z,Female,Mushaax,39,Laascaanod,2588,2963,698,3662,"Telesom innovate new service, I like your services "
2021-12-31T21:05:35.529Z,Male,Kaafiye,29,Borama,3038,2441,195,4039,Thanks for you innovation 
2021-12-31T00:33:28.860Z,Female,Waafi,27,Laascaanod,3829,3645,2243,654,Telesom are always telecom pioneers
2021-12-27T16:04:31.996Z,Female,Internet,21,Buuhoodle,1470,874,641,198,Thanks for you innovation 
2022-01-01T10:35:03.476Z,Male,Aqoonmaal,20,Gabiley,2255,1448,2748,2502,Telesom are always telecom pioneers
2022-01-01T17:46:35.434Z,Female,Mushaax,45,Berbera,3886,3431,572,2424,"Telesom you have dedicated network coverage, where ever I go, I got your connections"
2022-01-02T01:13:06.996Z,Male,Kaafiye,19,Hargeisa,1884,2260,976,3927,Thanks for you innovation 
2022-01-02T00:02:26.775Z,Male,Waafi,35,Buuhoodle,1881,3040,3891,2117,I always like your new services 
2022-01-02T00:04:47.806Z,Male,Internet,23,Buuhoodle,324,784,815,2505,I like your qaulity service
2022-01-01T10:47:18.639Z,Female,Aqoonmaal,36,Borama,4373,3790,2460,2370,"Telesom innovate new service, I like your services "
2021-12-30T09:22:13.234Z,Female,Mushaax,41,Hargeisa,886,1819,3879,2756,Telesom is the leading Telecom in Somaliland 
2022-01-01T09:48:37.649Z,Female,Kaafiye,42,Burco,1594,3365,3648,1302,Telesom is always first 
2021-12-30T03:17:00.743Z,Female,Waafi,27,Buuhoodle,2104,844,3385,1252,I always like your new services 
2022-01-01T21:05:27.558Z,Female,Internet,17,Borama,1795,925,2775,3541,Thanks for you innovation 
2022-01-01T10:34:14.792Z,Female,Aqoonmaal,30,Laascaanod,1325,3352,4410,370,I always like your new services 
2022-01-01T13:22:50.331Z,Female,Mushaax,31,Laascaanod,3800,1522,409,244,"Telesom you have dedicated network coverage, where ever I go, I got your connections"
2022-01-01T17:06:29.741Z,Female,Kaafiye,16,Burco,1098,4114,3661,2993,Telesom is always first 
2021-12-30T11:23:32.254Z,Female,Waafi,45,Laascaanod,2631,3875,849,449,Telesom are always telecom pioneers
2022-01-01T23:25:26.397Z,Female,Internet,26,Gabiley,1090,790,4298,1087,Telesom is always first 
2021-12-30T16:37:25.257Z,Male,Aqoonmaal,37,Gabiley,413,3757,3911,3856,I always like your new services 
2021-12-30T19:00:14.936Z,Male,Mushaax,32,Burco,3625,2569,2467,356,I like your qaulity service
2022-01-01T01:08:50.211Z,Female,Kaafiye,37,Borama,4469,2182,2953,3283,"Telesom you have dedicated network coverage, where ever I go, I got your connections"
2022-01-01T01:06:35.473Z,Male,Waafi,45,Ceerigabo,507,2412,3416,1252,I always like your new services 
2021-12-31T15:43:08.085Z,Male,Internet,15,Berbera,3241,2126,950,2190,I always like your new services 
2021-12-30T22:17:17.258Z,Male,Aqoonmaal,16,Oodweyne,4319,657,2115,742,I always like your new services 
2022-01-01T19:08:45.691Z,Male,Mushaax,41,Ceerigabo,4281,2310,1624,703,I like your qaulity service
2021-12-26T19:46:16.016Z,Female,Kaafiye,28,Gabiley,3813,1970,4067,473,Telesom is always first 
2022-01-02T04:01:54.259Z,Female,Waafi,44,Borama,3031,353,1924,3586,I always like your new services 
2022-01-01T15:48:13.052Z,Female,Internet,38,Burco,2909,2271,3157,3938,"Telesom innovate new service, I like your services "
2022-01-01T11:04:33.092Z,Female,Aqoonmaal,20,Borama,616,2775,4451,3528,"Telesom innovate new service, I like your services "
2021-12-30T13:21:25.888Z,Male,Mushaax,26,Laascaanod,2485,238,1105,927,Telesom is the leading Telecom in Somaliland 
2022-01-01T17:33:15.718Z,Male,Kaafiye,20,Borama,1671,2109,3943,4099,I like your qaulity service
2021-12-30T21:48:33.531Z,Female,Waafi,41,Oodweyne,2892,4126,391,1945,Telesom is always first 
2022-01-01T19:28:20.968Z,Male,Internet,35,Gabiley,229,441,2489,183,"Telesom you have dedicated network coverage, where ever I go, I got your connections"
2022-01-01T17:26:27.397Z,Female,Aqoonmaal,33,Buuhoodle,1560,331,1861,2850,Telesom is always first 
2022-01-01T20:11:07.189Z,Male,Mushaax,39,Hargeisa,816,763,2323,1069,"Telesom you have dedicated network coverage, where ever I go, I got your connections"
2022-01-02T07:10:39.537Z,Female,Kaafiye,15,Buuhoodle,1041,2977,912,3548,I always like your new services 
2022-01-02T07:12:32.866Z,Female,Waafi,24,Berbera,1352,2559,4031,1414,Thanks for you innovation 
2022-01-01T21:10:36.061Z,Male,Internet,28,Hargeisa,4100,1764,4375,1686,"Telesom you have dedicated network coverage, where ever I go, I got your connections"
2022-01-01T10:24:21.262Z,Male,Aqoonmaal,34,Laascaanod,1849,3034,3028,3525,"Telesom innovate new service, I like your services "
2021-12-30T13:58:51.689Z,Female,Mushaax,22,Hargeisa,980,2211,1101,3575,I like your qaulity service
2021-12-31T23:58:21.780Z,Male,Kaafiye,34,Borama,1501,1966,3074,2601,"Telesom innovate new service, I like your services "
2021-12-31T21:11:40.959Z,Female,Waafi,28,Oodweyne,3285,2854,2208,4096,I like your qaulity service
2021-12-29T14:24:51.460Z,Female,Internet,41,Berbera,4038,2334,688,2669,Thanks for you innovation 
2021-12-30T19:31:05.074Z,Male,Aqoonmaal,40,Berbera,2724,1571,1608,577,"Telesom innovate new service, I like your services "
2022-01-02T09:21:12.712Z,Female,Mushaax,38,Oodweyne,2634,4255,1918,4306,Telesom are always telecom pioneers
2022-01-02T00:20:38.651Z,Female,Kaafiye,44,Hargeisa,134,4190,1903,1916,"Telesom innovate new service, I like your services "
2021-12-30T01:48:06.054Z,Female,Waafi,33,Burco,3322,1135,3414,3445,Telesom are always telecom pioneers
2021-12-30T17:32:46.834Z,Female,Internet,20,Oodweyne,349,3159,2496,3594,Telesom is always first 
2021-12-31T21:51:59.082Z,Male,Aqoonmaal,35,Burco,446,1752,4441,835,Thanks for you innovation 
2021-12-31T07:06:49.838Z,Female,Mushaax,41,Burco,3609,728,2786,2617,Telesom is the leading Telecom in Somaliland 
2021-12-31T04:47:01.856Z,Female,Kaafiye,31,Laascaanod,759,610,1791,2404,"Telesom you have dedicated network coverage, where ever I go, I got your connections"
2022-01-02T04:52:16.718Z,Male,Waafi,44,Gabiley,2478,1431,353,256,Telesom are always telecom pioneers
2022-01-02T15:06:56.564Z,Female,Internet,27,Gabiley,1575,682,204,242,I like your qaulity service
2021-12-28T21:48:04.515Z,Male,Aqoonmaal,25,Oodweyne,733,2800,832,4004,"Telesom innovate new service, I like your services "
2022-01-02T14:30:53.241Z,Male,Mushaax,26,Gabiley,1988,123,3881,3794,Telesom is always first 
2021-12-31T19:23:16.474Z,Male,Kaafiye,25,Laascaanod,1356,3388,891,2707,"Telesom innovate new service, I like your services "
2021-12-28T22:23:25.317Z,Male,Waafi,33,Burco,2206,4044,1333,3409,Telesom is the leading Telecom in Somaliland 
2022-01-02T16:21:53.009Z,Male,Internet,26,Burco,1194,843,980,2216,"Telesom innovate new service, I like your services "
2022-01-01T21:09:43.953Z,Female,Aqoonmaal,19,Laascaanod,2147,1806,3704,2955,I like your qaulity service
2022-01-02T03:02:36.733Z,Female,Mushaax,27,Berbera,3215,1855,4446,3208,Thanks for you innovation 
2022-01-01T14:31:42.476Z,Male,Kaafiye,44,Burco,3553,710,546,4128,"Telesom innovate new service, I like your services "
2022-01-01T22:18:19.937Z,Male,Waafi,33,Berbera,3408,173,124,3279,"Telesom innovate new service, I like your services "
2022-01-01T21:30:34.933Z,Male,Internet,25,Burco,966,3223,3845,411,Telesom are always telecom pioneers
2022-01-02T19:22:34.031Z,Male,Aqoonmaal,31,Laascaanod,3341,1977,886,2453,Thanks for you innovation 
2022-01-02T12:21:11.985Z,Female,Mushaax,41,Ceerigabo,2828,3222,2994,3493,"Telesom you have dedicated network coverage, where ever I go, I got your connections"
2022-01-02T18:48:48.556Z,Female,Kaafiye,40,Berbera,3479,3148,3157,948,"Telesom you have dedicated network coverage, where ever I go, I got your connections"
2021-12-31T16:25:14.286Z,Male,Waafi,37,Berbera,3655,1111,3137,4391,Telesom is always first 
2021-12-23T17:30:22.922Z,Female,Internet,29,Berbera,312,825,2193,3794,"Telesom innovate new service, I like your services "
2022-01-03T01:05:58.729Z,Male,Aqoonmaal,33,Oodweyne,2615,2126,3088,3745,Telesom is the leading Telecom in Somaliland 
2022-01-03T00:51:41.259Z,Male,Mushaax,26,Berbera,4245,2112,263,2072,I like your qaulity service
2022-01-01T08:07:52.701Z,Male,Kaafiye,34,Gabiley,667,3301,1774,2783,Telesom is always first 
2022-01-02T13:05:03.346Z,Female,Waafi,21,Buuhoodle,3682,1648,4205,4133,"Telesom innovate new service, I like your services "
2022-01-02T05:42:36.588Z,Female,Internet,38,Oodweyne,3065,1135,1751,3560,Telesom is the leading Telecom in Somaliland 
2022-01-02T13:05:21.985Z,Female,Aqoonmaal,34,Gabiley,1754,4199,259,1117,"Telesom innovate new service, I like your services "
2022-01-02T08:50:51.065Z,Female,Mushaax,27,Buuhoodle,266,2753,2221,4041,Thanks for you innovation 
2021-12-30T23:04:28.941Z,Female,Kaafiye,29,Berbera,4342,3308,4121,1707,Telesom are always telecom pioneers
2022-01-02T00:56:03.652Z,Female,Waafi,18,Gabiley,3480,2585,688,713,"Telesom innovate new service, I like your services "
2022-01-02T22:17:04.768Z,Male,Internet,41,Hargeisa,619,1259,382,141,Telesom are always telecom pioneers
2021-12-31T16:49:10.352Z,Male,Aqoonmaal,41,Berbera,3245,3343,3966,1006,"Telesom innovate new service, I like your services "
2022-01-03T08:58:11.573Z,Female,Mushaax,35,Gabiley,4484,1391,1890,1647,I always like your new services 
2022-01-01T22:21:23.899Z,Male,Kaafiye,39,Hargeisa,2011,1531,1290,1113,Telesom are always telecom pioneers
2021-12-29T15:49:47.294Z,Male,Waafi,20,Ceerigabo,4079,2965,3616,910,I always like your new services 
2022-01-02T19:56:52.634Z,Male,Internet,21,Burco,3600,3047,3882,3912,I always like your new services 
2022-01-01T17:24:36.938Z,Female,Aqoonmaal,39,Gabiley,626,905,2758,244,Thanks for you innovation 
2022-01-03T10:42:12.115Z,Male,Mushaax,34,Oodweyne,295,4474,3333,2396,I always like your new services 
2022-01-03T15:44:55.549Z,Male,Kaafiye,42,Hargeisa,3640,3868,2562,1561,"Telesom you have dedicated network coverage, where ever I go, I got your connections"
2022-01-03T17:17:46.758Z,Male,Waafi,38,Berbera,3649,3840,136,302,"Telesom you have dedicated network coverage, where ever I go, I got your connections"
2022-01-03T14:56:32.034Z,Female,Internet,28,Laascaanod,1726,1250,2522,1089,"Telesom you have dedicated network coverage, where ever I go, I got your connections"
2022-01-02T11:13:20.865Z,Male,Aqoonmaal,32,Buuhoodle,1728,4424,3669,873,Telesom is the leading Telecom in Somaliland 
2021-12-31T12:34:58.570Z,Male,Mushaax,32,Berbera,2511,862,4031,1826,Thanks for you innovation 
2022-01-03T20:40:06.034Z,Female,Kaafiye,23,Oodweyne,1401,2432,1338,1566,Telesom is the leading Telecom in Somaliland 
2022-01-03T14:32:21.082Z,Male,Waafi,32,Hargeisa,2737,3622,4410,1067,Thanks for you innovation 
2022-01-04T00:02:48.521Z,Male,Internet,36,Hargeisa,2876,2817,2763,448,I like your qaulity service
2021-12-30T01:25:16.875Z,Male,Aqoonmaal,43,Gabiley,3170,1983,2964,1765,"Telesom innovate new service, I like your services "
2021-12-26T00:05:58.035Z,Female,Mushaax,22,Gabiley,3740,3667,1751,206,I like your qaulity service
2022-01-03T17:10:55.735Z,Male,Kaafiye,41,Burco,1577,1164,1714,3956,I always like your new services 
2022-01-03T12:05:15.952Z,Male,Waafi,25,Burco,651,4241,2327,3078,Telesom is the leading Telecom in Somaliland 
2022-01-04T03:04:14.125Z,Female,Internet,33,Oodweyne,1669,1145,3304,2099,"Telesom innovate new service, I like your services "
2022-01-02T22:23:21.395Z,Male,Aqoonmaal,33,Borama,565,3324,4043,1866,Thanks for you innovation 
2022-01-03T22:14:04.639Z,Male,Mushaax,39,Hargeisa,4495,1433,2841,546,Telesom is the leading Telecom in Somaliland 
2022-01-02T04:22:46.757Z,Female,Kaafiye,39,Hargeisa,1027,1834,3695,2757,I like your qaulity service
2021-12-31T20:31:08.881Z,Female,Waafi,41,Burco,3254,1136,2865,1534,Telesom is always first 
2022-01-03T21:42:20.218Z,Female,Internet,22,Buuhoodle,3597,2089,1356,2589,"Telesom innovate new service, I like your services "
2022-01-03T20:48:59.110Z,Male,Aqoonmaal,34,Hargeisa,2423,1272,1470,1308,I always like your new services 
2022-01-02T11:09:28.827Z,Male,Mushaax,34,Ceerigabo,4146,3047,3555,2830,I always like your new services 
2022-01-02T20:57:37.390Z,Male,Kaafiye,43,Hargeisa,3496,3461,3719,405,Telesom is always first 
2022-01-03T19:58:43.674Z,Male,Waafi,39,Borama,1225,2886,2597,1343,I like your qaulity service
2022-01-04T07:59:14.873Z,Male,Internet,44,Oodweyne,1054,2001,1057,330,Thanks for you innovation 
2022-01-03T00:26:45.480Z,Male,Aqoonmaal,38,Ceerigabo,953,1344,607,1791,"Telesom innovate new service, I like your services "
2022-01-02T19:53:24.473Z,Male,Mushaax,16,Gabiley,3471,3544,3839,4081,I like your qaulity service
2022-01-03T12:51:38.896Z,Male,Kaafiye,18,Ceerigabo,2025,3474,3676,4189,"Telesom you have dedicated network coverage, where ever I go, I got your connections"
2022-01-03T19:38:04.916Z,Male,Waafi,41,Burco,2274,1169,4086,1548,Telesom is always first 
2022-01-04T12:06:35.651Z,Male,Internet,22,Buuhoodle,2006,686,2568,2231,Telesom are always telecom pioneers
2022-01-04T12:39:09.931Z,Male,Aqoonmaal,40,Berbera,3251,3764,2185,1098,"Telesom innovate new service, I like your services "
2022-01-03T04:58:04.023Z,Female,Mushaax,35,Hargeisa,2892,4034,4088,1442,Telesom are always telecom pioneers
2021-12-31T19:26:13.215Z,Male,Kaafiye,16,Berbera,3620,310,2042,1563,Telesom is the leading Telecom in Somaliland 
2022-01-03T15:19:00.277Z,Female,Waafi,22,Berbera,1790,1223,174,3610,"Telesom innovate new service, I like your services "
2022-01-03T15:46:32.741Z,Male,Internet,32,Hargeisa,241,675,2466,1599,"Telesom you have dedicated network coverage, where ever I go, I got your connections"
2022-01-03T18:06:58.398Z,Female,Aqoonmaal,44,Borama,4113,2139,3366,4135,I always like your new services 
2021-12-26T06:41:00.599Z,Female,Mushaax,27,Berbera,3591,1378,1124,4059,Telesom are always telecom pioneers
2022-01-01T01:40:48.881Z,Male,Kaafiye,41,Gabiley,543,1147,680,4462,"Telesom you have dedicated network coverage, where ever I go, I got your connections"
2021-12-27T14:42:17.636Z,Male,Waafi,17,Borama,3592,4404,2402,4105,Telesom is always first 
2022-01-03T22:28:19.130Z,Male,Internet,38,Berbera,1339,4087,337,4325,"Telesom innovate new service, I like your services "
2022-01-04T13:04:37.551Z,Female,Aqoonmaal,15,Laascaanod,3075,1751,4436,969,Telesom are always telecom pioneers
2022-01-04T13:58:27.212Z,Female,Mushaax,30,Ceerigabo,4291,2563,4269,2628,Telesom is always first 
2022-01-02T18:56:19.051Z,Male,Kaafiye,22,Ceerigabo,3978,811,174,3441,I like your qaulity service
2022-01-03T17:44:47.660Z,Female,Waafi,41,Burco,1350,2666,1804,2168,"Telesom innovate new service, I like your services "
2022-01-04T16:49:22.412Z,Female,Internet,37,Berbera,4063,950,2616,508,I like your qaulity service
2022-01-04T14:12:19.751Z,Female,Aqoonmaal,15,Laascaanod,3222,2243,3467,4048,"Telesom you have dedicated network coverage, where ever I go, I got your connections"
2021-12-31T16:57:02.145Z,Male,Mushaax,38,Borama,3795,964,1728,940,Telesom is always first 
2022-01-03T19:58:43.671Z,Male,Kaafiye,20,Gabiley,4020,1685,4182,4085,"Telesom innovate new service, I like your services "
2022-01-03T16:14:42.379Z,Male,Waafi,25,Berbera,226,542,805,1466,Thanks for you innovation 
2021-12-24T23:59:31.952Z,Female,Internet,21,Ceerigabo,3553,2450,767,2663,I always like your new services 
2022-01-04T12:04:15.559Z,Male,Aqoonmaal,37,Berbera,3955,606,3475,996,I like your qaulity service
2022-01-04T18:26:39.294Z,Male,Mushaax,16,Laascaanod,2527,4068,3754,2279,Thanks for you innovation 
2022-01-05T05:10:38.490Z,Female,Kaafiye,34,Berbera,2292,2547,3199,356,Telesom is the leading Telecom in Somaliland 
2022-01-05T05:57:57.202Z,Male,Waafi,33,Hargeisa,3329,1596,2813,1551,"Telesom innovate new service, I like your services "
2022-01-04T20:57:26.339Z,Male,Internet,43,Berbera,4409,2530,3171,669,Telesom is the leading Telecom in Somaliland 
2022-01-02T20:14:19.582Z,Female,Aqoonmaal,16,Berbera,610,3555,2152,2313,I like your qaulity service
2022-01-04T18:15:04.237Z,Female,Mushaax,17,Hargeisa,709,2096,3122,3584,"Telesom innovate new service, I like your services "
2022-01-04T23:35:15.684Z,Male,Kaafiye,42,Burco,3129,4192,3916,2881,"Telesom innovate new service, I like your services "
2022-01-05T05:39:35.008Z,Female,Waafi,28,Borama,2110,4388,774,1242,Telesom are always telecom pioneers
2022-01-04T03:52:15.524Z,Female,Internet,27,Borama,4432,1427,2895,4207,Thanks for you innovation 
2022-01-03T19:31:32.661Z,Female,Aqoonmaal,38,Gabiley,558,336,3263,1542,Thanks for you innovation 
2022-01-05T05:19:39.404Z,Female,Mushaax,20,Hargeisa,1588,3106,3943,2909,"Telesom innovate new service, I like your services "
2022-01-04T19:35:42.521Z,Female,Kaafiye,41,Laascaanod,3675,4339,760,675,Telesom are always telecom pioneers
2022-01-04T15:04:45.996Z,Female,Waafi,15,Oodweyne,1000,1396,1299,3129,Telesom is always first 
2022-01-02T21:50:22.263Z,Female,Internet,28,Ceerigabo,3380,867,3055,1347,"Telesom you have dedicated network coverage, where ever I go, I got your connections"
2022-01-04T09:41:38.092Z,Female,Aqoonmaal,32,Gabiley,1709,2226,921,3241,Telesom is always first 
2022-01-04T07:05:48.295Z,Female,Mushaax,34,Laascaanod,644,1929,3367,3106,"Telesom innovate new service, I like your services "
2022-01-04T22:51:12.493Z,Male,Kaafiye,42,Laascaanod,3323,2295,1193,3249,Telesom is the leading Telecom in Somaliland 
2022-01-04T22:03:41.981Z,Male,Waafi,20,Oodweyne,1300,2541,3125,1172,Telesom are always telecom pioneers
2022-01-02T18:44:58.524Z,Female,Internet,26,Hargeisa,1011,3022,3256,4461,Telesom is always first 
2022-01-01T03:00:59.946Z,Female,Aqoonmaal,19,Buuhoodle,1265,3160,4331,3465,Telesom are always telecom pioneers
2022-01-02T22:50:03.549Z,Female,Mushaax,42,Oodweyne,177,3544,2305,1457,"Telesom you have dedicated network coverage, where ever I go, I got your connections"
2022-01-04T06:59:23.279Z,Female,Kaafiye,17,Berbera,627,1238,4108,1754,Telesom are always telecom pioneers
2022-01-05T13:21:15.266Z,Female,Waafi,44,Burco,4420,4486,424,1056,Telesom is the leading Telecom in Somaliland 
2022-01-04T22:31:09.411Z,Female,Internet,34,Oodweyne,3729,680,183,3845,"Telesom you have dedicated network coverage, where ever I go, I got your connections"
2022-01-04T23:37:57.207Z,Male,Mushaax,24,Borama,995,2654,2377,4474,"Telesom innovate new service, I like your services "
2022-01-03T17:34:01.179Z,Male,Kaafiye,28,Berbera,1281,3681,2393,2909,"Telesom innovate new service, I like your services "
2021-12-31T23:58:48.914Z,Male,Waafi,23,Burco,3214,1962,2811,1301,I always like your new services 
2022-01-01T16:46:05.360Z,Male,Internet,38,Borama,3852,1219,408,3236,"Telesom innovate new service, I like your services "
2022-01-04T22:21:24.753Z,Female,Mushaax,42,Borama,740,1693,1724,1137,Telesom is always first 
2022-01-04T19:40:14.134Z,Male,Kaafiye,23,Buuhoodle,4144,2467,1276,2524,I always like your new services 
2022-01-05T15:04:39.464Z,Female,Waafi,45,Borama,2860,656,1394,3176,Telesom are always telecom pioneers
2022-01-02T22:24:52.792Z,Female,Internet,44,Ceerigabo,3302,2849,3188,551,I always like your new services 
2022-01-05T09:21:49.463Z,Female,Aqoonmaal,32,Oodweyne,1620,4353,3713,1845,"Telesom innovate new service, I like your services "
2022-01-04T21:47:11.381Z,Male,Mushaax,36,Borama,1185,3875,839,3313,Telesom are always telecom pioneers
2022-01-05T03:12:25.183Z,Female,Kaafiye,16,Gabiley,137,303,1715,1753,"Telesom innovate new service, I like your services "
2022-01-05T17:35:46.494Z,Female,Waafi,21,Oodweyne,2098,1777,3987,2310,Thanks for you innovation 
2022-01-05T00:24:00.840Z,Male,Internet,33,Buuhoodle,977,343,3153,3118,Telesom is the leading Telecom in Somaliland 
2022-01-04T13:57:20.501Z,Female,Aqoonmaal,29,Oodweyne,3799,876,4231,3054,Telesom is always first 
2022-01-04T13:42:51.668Z,Female,Mushaax,18,Laascaanod,1072,2745,252,394,Thanks for you innovation 
2022-01-04T03:02:57.553Z,Female,Kaafiye,16,Burco,2240,4099,485,3531,Thanks for you innovation 
2022-01-05T03:31:12.150Z,Female,Waafi,33,Buuhoodle,4287,2823,775,3920,Telesom is always first 
2022-01-05T17:10:00.041Z,Female,Internet,43,Oodweyne,2664,402,3255,2631,"Telesom you have dedicated network coverage, where ever I go, I got your connections"
2022-01-06T07:00:07.485Z,Male,Aqoonmaal,17,Hargeisa,1728,4381,1488,2476,"Telesom you have dedicated network coverage, where ever I go, I got your connections"
2022-01-05T10:53:15.993Z,Female,Mushaax,44,Berbera,3537,1630,4313,417,"Telesom you have dedicated network coverage, where ever I go, I got your connections"
2022-01-05T13:52:19.767Z,Female,Kaafiye,27,Laascaanod,3903,3935,3166,1695,"Telesom innovate new service, I like your services "
2022-01-05T10:01:16.631Z,Male,Waafi,30,Hargeisa,3418,4275,1054,1667,Thanks for you innovation 
2022-01-05T08:53:04.305Z,Male,Internet,16,Borama,357,3034,1155,263,"Telesom innovate new service, I like your services "
2022-01-05T23:41:02.021Z,Male,Aqoonmaal,33,Burco,1643,496,1440,2952,"Telesom you have dedicated network coverage, where ever I go, I got your connections"
2022-01-01T07:18:05.451Z,Female,Mushaax,36,Berbera,302,714,860,1609,Telesom are always telecom pioneers
2021-12-26T11:26:57.717Z,Male,Kaafiye,45,Berbera,2317,4207,192,2096,Thanks for you innovation 
2022-01-03T19:31:13.687Z,Male,Waafi,42,Gabiley,3121,3113,349,2259,I like your qaulity service
2021-12-26T21:35:17.150Z,Female,Internet,32,Hargeisa,2841,1876,509,1643,I like your qaulity service
2022-01-05T09:19:17.575Z,Male,Aqoonmaal,45,Berbera,596,3056,173,1244,"Telesom you have dedicated network coverage, where ever I go, I got your connections"
2022-01-05T18:35:28.181Z,Female,Mushaax,29,Buuhoodle,638,1390,2697,1581,"Telesom innovate new service, I like your services "
2022-01-03T21:12:20.544Z,Male,Kaafiye,38,Burco,1403,917,2429,3569,"Telesom innovate new service, I like your services "
2022-01-04T22:45:17.176Z,Male,Waafi,39,Ceerigabo,2301,3256,4065,2217,"Telesom innovate new service, I like your services "
2022-01-04T17:59:41.442Z,Male,Internet,42,Berbera,3502,712,274,3087,"Telesom innovate new service, I like your services "
2022-01-03T23:26:33.371Z,Female,Mushaax,29,Laascaanod,2967,2485,3491,3807,Telesom is the leading Telecom in Somaliland 
2022-01-03T20:07:05.543Z,Male,Kaafiye,24,Borama,1705,2852,1298,3176,"Telesom innovate new service, I like your services "
2022-01-02T02:04:10.275Z,Male,Waafi,20,Gabiley,3368,583,3236,1728,Telesom are always telecom pioneers
2022-01-05T16:12:24.541Z,Female,Internet,33,Buuhoodle,3814,1773,3365,1600,Thanks for you innovation 
2022-01-06T02:09:49.367Z,Female,Aqoonmaal,18,Borama,750,4402,1144,2721,I like your qaulity service
2022-01-05T11:37:03.362Z,Male,Mushaax,17,Borama,3987,504,660,356,"Telesom you have dedicated network coverage, where ever I go, I got your connections"
2022-01-04T13:33:29.481Z,Male,Kaafiye,16,Gabiley,4500,1587,344,3378,Telesom are always telecom pioneers
2022-01-02T04:55:16.369Z,Female,Waafi,25,Laascaanod,3818,4162,643,558,"Telesom innovate new service, I like your services "
2022-01-04T12:28:33.755Z,Male,Internet,26,Gabiley,3022,1476,2475,2235,Thanks for you innovation 
2022-01-04T18:47:42.763Z,Male,Aqoonmaal,23,Laascaanod,1898,2015,4025,2789,"Telesom innovate new service, I like your services "
2022-01-04T17:00:21.745Z,Female,Aqoonmaal,28,Hargeisa,2592,3206,212,802,I like your qaulity service
2022-01-04T19:51:33.218Z,Female,Aqoonmaal,37,Borama,4465,1966,2770,4060,Telesom is the leading Telecom in Somaliland 
2022-01-02T10:33:20.561Z,Male,Aqoonmaal,16,Oodweyne,3402,4438,1913,2608,"Telesom innovate new service, I like your services "
2022-01-05T17:10:17.579Z,Male,Mushaax,31,Burco,3942,1599,3931,3173,Telesom is always first 
2022-01-06T12:25:40.753Z,Male,Kaafiye,45,Berbera,3724,3473,2634,969,Telesom are always telecom pioneers
2022-01-05T20:50:40.010Z,Male,Waafi,43,Burco,2991,121,3829,743,I like your qaulity service
2022-01-04T10:56:43.184Z,Female,Internet,45,Borama,1695,3874,618,3379,Telesom is the leading Telecom in Somaliland 
2022-01-05T13:44:07.554Z,Female,Aqoonmaal,43,Gabiley,806,3239,3729,2603,"Telesom innovate new service, I like your services "
2022-01-05T23:01:58.157Z,Male,Mushaax,42,Berbera,1712,1305,1892,3620,"Telesom innovate new service, I like your services "
2022-01-05T19:28:21.017Z,Male,Kaafiye,29,Hargeisa,326,400,1962,3270,I like your qaulity service
2022-01-06T20:15:10.673Z,Female,Waafi,18,Berbera,185,3841,4111,3948,"Telesom you have dedicated network coverage, where ever I go, I got your connections"
2022-01-07T00:30:26.300Z,Male,Internet,18,Berbera,315,439,1690,2869,"Telesom innovate new service, I like your services "
2022-01-07T01:36:46.490Z,Male,Aqoonmaal,23,Hargeisa,1893,2628,1224,1809,Thanks for you innovation 
2022-01-05T22:09:21.701Z,Female,Mushaax,17,Ceerigabo,3576,3913,3501,1607,Thanks for you innovation 
2022-01-06T23:12:05.221Z,Female,Kaafiye,26,Borama,3884,1070,3824,4058,"Telesom innovate new service, I like your services "
2022-01-05T06:34:49.943Z,Male,Waafi,30,Berbera,1297,2087,3870,3642,"Telesom you have dedicated network coverage, where ever I go, I got your connections"
2021-12-15T00:47:27.019Z,Female,Internet,38,Borama,2406,1997,1439,4044,"Telesom innovate new service, I like your services "
2022-01-06T19:13:01.613Z,Female,Aqoonmaal,29,Hargeisa,3934,1101,3960,1285,I like your qaulity service
2021-12-30T10:42:01.639Z,Female,Mushaax,41,Laascaanod,893,4369,1441,1026,Thanks for you innovation 
2022-01-06T21:24:06.483Z,Female,Kaafiye,24,Buuhoodle,3295,3393,3143,4194,Telesom is always first 
2022-01-06T09:49:58.149Z,Female,Waafi,44,Borama,2584,874,2814,2032,"Telesom innovate new service, I like your services "
2022-01-08T00:39:15.617Z,Male,Internet,44,Burco,371,1178,1851,3641,Telesom is the leading Telecom in Somaliland 
2022-01-08T06:12:57.151Z,Male,Aqoonmaal,27,Burco,1578,3757,338,4106,Telesom are always telecom pioneers
2022-01-08T06:19:35.307Z,Male,Mushaax,32,Oodweyne,4368,1200,872,3105,"Telesom innovate new service, I like your services "
2022-01-06T07:28:44.897Z,Male,Kaafiye,29,Ceerigabo,3710,2365,1403,347,Telesom are always telecom pioneers
2022-01-01T15:29:12.740Z,Female,Waafi,28,Gabiley,3210,1958,350,734,Thanks for you innovation 
2022-01-01T01:28:39.369Z,Female,Internet,25,Hargeisa,3841,457,1483,1814,"Telesom innovate new service, I like your services "
2022-01-07T00:49:45.251Z,Male,Aqoonmaal,26,Gabiley,590,1479,1778,4102,Thanks for you innovation 
2022-01-06T15:56:52.344Z,Male,Aqoonmaal,40,Burco,3609,2979,1261,355,"Telesom you have dedicated network coverage, where ever I go, I got your connections"
2022-01-07T14:22:30.769Z,Female,Aqoonmaal,38,Hargeisa,3395,665,4196,3392,Telesom is always first 
2022-01-05T03:46:58.596Z,Male,Internet,42,Berbera,3502,712,274,3087,Telesom is always first 
2021-12-30T14:13:30.527Z,Female,Mushaax,29,Laascaanod,2967,2485,3491,3807,Telesom is the leading Telecom in Somaliland 
2022-01-07T15:16:32.823Z,Male,Kaafiye,24,Borama,1705,2852,1298,3176,"Telesom innovate new service, I like your services "
2022-01-07T17:18:39.656Z,Male,Waafi,20,Gabiley,3368,583,3236,1728,Thanks for you innovation 
2022-01-07T23:44:16.831Z,Female,Internet,33,Buuhoodle,3814,1773,3365,1600,Telesom is the leading Telecom in Somaliland 
2022-01-07T08:45:28.822Z,Female,Aqoonmaal,18,Borama,750,4402,1144,2721,"Telesom innovate new service, I like your services "
2022-01-05T19:13:09.580Z,Male,Mushaax,17,Borama,3987,504,660,356,"Telesom innovate new service, I like your services "
2022-01-04T23:59:58.294Z,Male,Kaafiye,16,Gabiley,4500,1587,344,3378,Thanks for you innovation 
2022-01-07T22:55:54.190Z,Female,Waafi,25,Laascaanod,3818,4162,643,558,"Telesom innovate new service, I like your services "
2022-01-04T08:22:23.396Z,Male,Internet,26,Gabiley,3022,1476,2475,2235,"Telesom innovate new service, I like your services "
2022-01-07T08:33:33.719Z,Male,Aqoonmaal,23,Laascaanod,1898,2015,4025,2789,Telesom is the leading Telecom in Somaliland 
2022-01-05T22:36:58.039Z,Female,Aqoonmaal,28,Hargeisa,2592,3206,212,802,I always like your new services 
2022-01-08T11:05:50.801Z,Female,Aqoonmaal,37,Borama,4465,1966,2770,4060,"Telesom innovate new service, I like your services "
2022-01-07T20:27:58.221Z,Male,Aqoonmaal,16,Oodweyne,3402,4438,1913,2608,"Telesom you have dedicated network coverage, where ever I go, I got your connections"
2022-01-07T12:24:44.041Z,Male,Mushaax,31,Burco,3942,1599,3931,3173,"Telesom innovate new service, I like your services "
2022-01-08T09:01:00.070Z,Male,Kaafiye,45,Berbera,3724,3473,2634,969,Thanks for you innovation 
2022-01-08T08:35:55.129Z,Male,Waafi,43,Burco,2991,121,3829,743,I always like your new services 
2022-01-08T12:08:54.412Z,Female,Internet,45,Borama,1695,3874,618,3379,I always like your new services 
2022-01-06T18:49:59.492Z,Female,Aqoonmaal,43,Gabiley,806,3239,3729,2603,"Telesom innovate new service, I like your services "
2022-01-08T13:43:59.506Z,Male,Mushaax,42,Berbera,1712,1305,1892,3620,"Telesom you have dedicated network coverage, where ever I go, I got your connections"
2022-01-07T12:02:36.696Z,Male,Kaafiye,29,Hargeisa,326,400,1962,3270,Telesom is always first 
2022-01-05T12:59:13.794Z,Male,Internet,42,Berbera,3502,712,274,3087,Telesom is the leading Telecom in Somaliland 
2022-01-08T10:42:40.407Z,Female,Mushaax,29,Laascaanod,2967,2485,3491,3807,"Telesom innovate new service, I like your services "
2022-01-08T01:22:23.534Z,Male,Kaafiye,24,Borama,1705,2852,1298,3176,I always like your new services 
2022-01-07T19:20:49.411Z,Male,Waafi,20,Gabiley,3368,583,3236,1728,I always like your new services 
2022-01-08T19:55:26.387Z,Female,Internet,33,Buuhoodle,3814,1773,3365,1600,Telesom is always first 
2021-12-31T17:53:02.294Z,Female,Aqoonmaal,18,Borama,750,4402,1144,2721,"Telesom innovate new service, I like your services "
2022-01-02T18:58:15.080Z,Male,Mushaax,17,Borama,3987,504,660,356,"Telesom you have dedicated network coverage, where ever I go, I got your connections"
2022-01-08T18:38:05.461Z,Male,Kaafiye,16,Gabiley,4500,1587,344,3378,Telesom are always telecom pioneers
2022-01-08T12:12:02.556Z,Female,Waafi,25,Laascaanod,3818,4162,643,558,Telesom is always first 
2022-01-08T14:43:28.018Z,Male,Internet,26,Gabiley,3022,1476,2475,2235,I like your qaulity service
2022-01-09T00:58:55.400Z,Male,Aqoonmaal,23,Laascaanod,1898,2015,4025,2789,"Telesom innovate new service, I like your services "
2022-01-08T20:02:12.263Z,Female,Aqoonmaal,28,Hargeisa,2592,3206,212,802,Telesom is always first 
2022-01-09T07:15:02.263Z,Female,Aqoonmaal,37,Borama,4465,1966,2770,4060,Telesom are always telecom pioneers
2022-01-09T07:26:04.353Z,Male,Aqoonmaal,16,Oodweyne,3402,4438,1913,2608,"Telesom you have dedicated network coverage, where ever I go, I got your connections"
2022-01-07T22:36:42.181Z,Male,Mushaax,31,Burco,3942,1599,3931,3173,"Telesom innovate new service, I like your services "
2022-01-08T12:44:48.899Z,Male,Kaafiye,45,Berbera,3724,3473,2634,969,"Telesom innovate new service, I like your services "
2022-01-08T20:21:33.717Z,Male,Waafi,43,Burco,2991,121,3829,743,"Telesom you have dedicated network coverage, where ever I go, I got your connections"
2022-01-06T16:52:58.529Z,Male,Internet,42,Berbera,3502,712,274,3087,I like your qaulity service
2022-01-09T06:26:37.743Z,Female,Mushaax,29,Laascaanod,2967,2485,3491,3807,"Telesom innovate new service, I like your services "
2022-01-08T14:16:10.041Z,Male,Kaafiye,24,Borama,1705,2852,1298,3176,I like your qaulity service
2022-01-09T04:41:58.008Z,Male,Waafi,20,Gabiley,3368,583,3236,1728,Telesom is always first 
2022-01-06T12:07:03.586Z,Female,Internet,33,Buuhoodle,3814,1773,3365,1600,Telesom are always telecom pioneers
2022-01-09T00:21:22.319Z,Female,Aqoonmaal,18,Borama,750,4402,1144,2721,I like your qaulity service
2022-01-07T19:54:54.630Z,Male,Mushaax,17,Borama,3987,504,660,356,Telesom is the leading Telecom in Somaliland 
2022-01-08T20:39:53.497Z,Male,Kaafiye,16,Gabiley,4500,1587,344,3378,"Telesom innovate new service, I like your services "
2022-01-09T08:29:02.932Z,Female,Waafi,25,Laascaanod,3818,4162,643,558,Telesom are always telecom pioneers
2022-01-08T00:54:32.597Z,Male,Internet,26,Gabiley,3022,1476,2475,2235,I like your qaulity service
2022-01-04T22:30:10.828Z,Male,Aqoonmaal,23,Laascaanod,1898,2015,4025,2789,Telesom is always first 
2022-01-08T15:24:33.249Z,Female,Aqoonmaal,28,Hargeisa,2592,3206,212,802,Telesom is always first 
2022-01-09T13:31:30.032Z,Female,Aqoonmaal,37,Borama,4465,1966,2770,4060,I like your qaulity service
2022-01-07T23:15:28.098Z,Male,Aqoonmaal,16,Oodweyne,3402,4438,1913,2608,"Telesom innovate new service, I like your services "
2022-01-09T11:24:41.012Z,Male,Mushaax,31,Burco,3942,1599,3931,3173,"Telesom you have dedicated network coverage, where ever I go, I got your connections"
2022-01-09T15:58:06.854Z,Male,Kaafiye,45,Berbera,3724,3473,2634,969,I like your qaulity service
2022-01-06T21:57:00.784Z,Male,Waafi,43,Burco,2991,121,3829,743,Telesom is always first 
2022-01-07T14:39:31.572Z,Female,Internet,45,Borama,1695,3874,618,3379,"Telesom innovate new service, I like your services "
2022-01-08T07:58:04.653Z,Male,Internet,42,Berbera,3502,712,274,3087,"Telesom you have dedicated network coverage, where ever I go, I got your connections"
2022-01-09T16:45:27.191Z,Female,Mushaax,29,Laascaanod,2967,2485,3491,3807,I always like your new services 
2022-01-08T15:03:07.767Z,Male,Kaafiye,24,Borama,1705,2852,1298,3176,"Telesom you have dedicated network coverage, where ever I go, I got your connections"
2022-01-10T00:06:35.725Z,Male,Waafi,20,Gabiley,3368,583,3236,1728,Telesom is the leading Telecom in Somaliland 
2022-01-05T13:45:13.919Z,Female,Internet,33,Buuhoodle,3814,1773,3365,1600,"Telesom you have dedicated network coverage, where ever I go, I got your connections"
2022-01-07T07:53:53.332Z,Female,Aqoonmaal,18,Borama,750,4402,1144,2721,Thanks for you innovation 
2022-01-07T20:17:44.018Z,Male,Mushaax,17,Borama,3987,504,660,356,Telesom are always telecom pioneers
2022-01-09T19:56:03.448Z,Male,Kaafiye,16,Gabiley,4500,1587,344,3378,I like your qaulity service
2022-01-07T19:36:42.410Z,Female,Waafi,25,Laascaanod,3818,4162,643,558,Telesom is always first 
2022-01-08T01:12:02.503Z,Male,Internet,26,Gabiley,3022,1476,2475,2235,Telesom are always telecom pioneers
2022-01-09T15:55:19.212Z,Male,Aqoonmaal,23,Laascaanod,1898,2015,4025,2789,I always like your new services 
2022-01-10T07:39:53.491Z,Female,Aqoonmaal,28,Hargeisa,2592,3206,212,802,I always like your new services 
2022-01-10T02:36:03.460Z,Female,Aqoonmaal,37,Borama,4465,1966,2770,4060,"Telesom innovate new service, I like your services "
2022-01-09T13:26:47.717Z,Male,Aqoonmaal,16,Oodweyne,3402,4438,1913,2608,"Telesom you have dedicated network coverage, where ever I go, I got your connections"
2022-01-09T13:06:31.597Z,Male,Mushaax,31,Burco,3942,1599,3931,3173,"Telesom innovate new service, I like your services "
2022-01-06T11:08:31.496Z,Male,Kaafiye,45,Berbera,3724,3473,2634,969,Telesom is the leading Telecom in Somaliland 
2022-01-09T02:02:28.024Z,Male,Waafi,43,Burco,2991,121,3829,743,Thanks for you innovation 
2022-01-10T12:37:58.891Z,Female,Internet,45,Borama,1695,3874,618,3379,"Telesom innovate new service, I like your services "
2022-01-08T15:40:46.528Z,Female,Aqoonmaal,43,Gabiley,806,3239,3729,2603,Telesom is the leading Telecom in Somaliland 
2022-01-08T18:29:19.344Z,Male,Mushaax,42,Berbera,1712,1305,1892,3620,Telesom are always telecom pioneers
2022-01-08T19:09:32.685Z,Male,Internet,42,Berbera,3502,712,274,3087,Telesom is always first 
2022-01-10T07:44:51.726Z,Female,Mushaax,29,Laascaanod,2967,2485,3491,3807,Thanks for you innovation 
2022-01-08T20:52:44.266Z,Male,Kaafiye,24,Borama,1705,2852,1298,3176,Telesom is always first 
2022-01-09T10:52:52.602Z,Male,Waafi,20,Gabiley,3368,583,3236,1728,Telesom are always telecom pioneers
2022-01-06T22:45:47.701Z,Female,Internet,33,Buuhoodle,3814,1773,3365,1600,Telesom is the leading Telecom in Somaliland 
2022-01-08T16:10:49.003Z,Female,Aqoonmaal,18,Borama,750,4402,1144,2721,I always like your new services 
2022-01-10T14:35:57.800Z,Male,Mushaax,17,Borama,3987,504,660,356,Telesom is the leading Telecom in Somaliland 
2022-01-10T14:38:07.398Z,Male,Kaafiye,16,Gabiley,4500,1587,344,3378,I like your qaulity service
2022-01-10T15:31:01.150Z,Female,Waafi,25,Laascaanod,3818,4162,643,558,I always like your new services 
2022-01-11T01:16:26.390Z,Male,Internet,26,Gabiley,3022,1476,2475,2235,Thanks for you innovation 
2022-01-07T20:46:35.655Z,Male,Aqoonmaal,23,Laascaanod,1898,2015,4025,2789,Thanks for you innovation 
2022-01-10T07:05:12.806Z,Female,Aqoonmaal,28,Hargeisa,2592,3206,212,802,"Telesom innovate new service, I like your services "
2022-01-11T04:09:35.264Z,Female,Aqoonmaal,37,Borama,4465,1966,2770,4060,"Telesom innovate new service, I like your services "
2022-01-11T03:31:32.236Z,Male,Aqoonmaal,16,Oodweyne,3402,4438,1913,2608,"Telesom innovate new service, I like your services "
2022-01-10T16:57:31.035Z,Male,Mushaax,31,Burco,3942,1599,3931,3173,"Telesom innovate new service, I like your services "
2022-01-06T18:13:05.278Z,Male,Kaafiye,45,Berbera,3724,3473,2634,969,Telesom is the leading Telecom in Somaliland 
2022-01-09T22:27:01.092Z,Male,Waafi,43,Burco,2991,121,3829,743,Telesom is the leading Telecom in Somaliland 
2022-01-10T15:58:37.252Z,Female,Internet,45,Borama,1695,3874,618,3379,Telesom is always first 
2022-01-10T22:39:06.114Z,Female,Aqoonmaal,43,Gabiley,806,3239,3729,2603,"Telesom innovate new service, I like your services "
2022-01-10T22:42:10.903Z,Male,Mushaax,42,Berbera,1712,1305,1892,3620,Thanks for you innovation 
2022-01-10T03:09:27.072Z,Male,Internet,42,Berbera,3502,712,274,3087,Telesom is always first 
2022-01-10T12:33:47.051Z,Female,Mushaax,29,Laascaanod,2967,2485,3491,3807,Telesom is always first 
2022-01-11T00:53:54.745Z,Male,Kaafiye,24,Borama,1705,2852,1298,3176,I like your qaulity service
2022-01-11T04:19:42.446Z,Male,Waafi,20,Gabiley,3368,583,3236,1728,Thanks for you innovation 
2022-01-03T17:34:54.150Z,Female,Internet,33,Buuhoodle,3814,1773,3365,1600,Telesom is the leading Telecom in Somaliland 
2022-01-10T18:23:02.163Z,Female,Aqoonmaal,18,Borama,750,4402,1144,2721,"Telesom you have dedicated network coverage, where ever I go, I got your connections"
2022-01-10T13:35:03.236Z,Male,Mushaax,17,Borama,3987,504,660,356,"Telesom you have dedicated network coverage, where ever I go, I got your connections"
2022-01-02T17:08:44.305Z,Male,Kaafiye,16,Gabiley,4500,1587,344,3378,"Telesom you have dedicated network coverage, where ever I go, I got your connections"
2022-01-05T16:42:14.819Z,Female,Waafi,25,Laascaanod,3818,4162,643,558,"Telesom you have dedicated network coverage, where ever I go, I got your connections"
2022-01-09T11:41:32.092Z,Male,Internet,26,Gabiley,3022,1476,2475,2235,Telesom are always telecom pioneers
2022-01-11T06:01:21.073Z,Male,Aqoonmaal,23,Laascaanod,1898,2015,4025,2789,Telesom are always telecom pioneers
2022-01-10T01:08:36.853Z,Female,Aqoonmaal,28,Hargeisa,2592,3206,212,802,Telesom is the leading Telecom in Somaliland 
2022-01-11T06:48:37.195Z,Female,Aqoonmaal,37,Borama,4465,1966,2770,4060,Telesom are always telecom pioneers
2022-01-11T00:17:17.143Z,Male,Aqoonmaal,16,Oodweyne,3402,4438,1913,2608,"Telesom you have dedicated network coverage, where ever I go, I got your connections"
2022-01-11T08:26:18.415Z,Male,Mushaax,31,Burco,3942,1599,3931,3173,"Telesom innovate new service, I like your services "
2022-01-11T13:21:28.086Z,Male,Kaafiye,45,Berbera,3724,3473,2634,969,Telesom are always telecom pioneers
2022-01-11T11:09:12.597Z,Male,Waafi,43,Burco,2991,121,3829,743,"Telesom you have dedicated network coverage, where ever I go, I got your connections"
2022-01-05T02:59:30.398Z,Female,Internet,45,Borama,1695,3874,618,3379,Telesom are always telecom pioneers
2022-01-11T13:51:29.440Z,Female,Aqoonmaal,43,Gabiley,806,3239,3729,2603,"Telesom innovate new service, I like your services "
2022-01-08T13:18:27.055Z,Male,Mushaax,42,Berbera,1712,1305,1892,3620,"Telesom innovate new service, I like your services "
2022-01-11T09:59:04.848Z,Male,Internet,42,Berbera,3502,712,274,3087,Telesom is the leading Telecom in Somaliland 
2022-01-03T07:32:13.578Z,Female,Mushaax,29,Laascaanod,2967,2485,3491,3807,I always like your new services 
2022-01-11T19:00:11.755Z,Male,Kaafiye,24,Borama,1705,2852,1298,3176,Thanks for you innovation 
2022-01-11T19:27:14.975Z,Male,Waafi,20,Gabiley,3368,583,3236,1728,Thanks for you innovation 
2022-01-10T09:15:50.201Z,Female,Internet,33,Buuhoodle,3814,1773,3365,1600,"Telesom innovate new service, I like your services "
2022-01-07T02:12:21.627Z,Female,Aqoonmaal,18,Borama,750,4402,1144,2721,"Telesom innovate new service, I like your services "
2022-01-11T18:50:36.986Z,Male,Mushaax,17,Borama,3987,504,660,356,"Telesom innovate new service, I like your services "
2022-01-12T00:46:37.364Z,Male,Kaafiye,16,Gabiley,4500,1587,344,3378,"Telesom innovate new service, I like your services "
2022-01-09T11:44:26.763Z,Female,Waafi,25,Laascaanod,3818,4162,643,558,"Telesom you have dedicated network coverage, where ever I go, I got your connections"
2022-01-11T23:29:47.837Z,Male,Internet,26,Gabiley,3022,1476,2475,2235,"Telesom you have dedicated network coverage, where ever I go, I got your connections"
2022-01-10T01:34:37.379Z,Male,Aqoonmaal,23,Laascaanod,1898,2015,4025,2789,Telesom is always first 
2022-01-12T01:46:07.165Z,Female,Aqoonmaal,28,Hargeisa,2592,3206,212,802,"Telesom you have dedicated network coverage, where ever I go, I got your connections"
2022-01-11T22:11:53.750Z,Female,Aqoonmaal,37,Borama,4465,1966,2770,4060,"Telesom you have dedicated network coverage, where ever I go, I got your connections"
2022-01-04T09:41:15.872Z,Male,Aqoonmaal,16,Oodweyne,3402,4438,1913,2608,Telesom is the leading Telecom in Somaliland 
2021-12-30T21:30:09.352Z,Male,Mushaax,31,Burco,3942,1599,3931,3173,"Telesom innovate new service, I like your services "
2022-01-11T16:24:16.582Z,Male,Kaafiye,45,Berbera,3724,3473,2634,969,I always like your new services 
2022-01-11T16:44:58.656Z,Male,Waafi,43,Burco,2991,121,3829,743,"Telesom innovate new service, I like your services "
2022-01-11T19:57:50.961Z,Female,Internet,45,Borama,1695,3874,618,3379,"Telesom innovate new service, I like your services "
2022-01-09T21:56:40.301Z,Female,Aqoonmaal,43,Gabiley,806,3239,3729,2603,Telesom is the leading Telecom in Somaliland 
2022-01-12T12:02:19.824Z,Male,Mushaax,42,Berbera,1712,1305,1892,3620,Telesom is always first 
2022-01-10T15:04:28.303Z,Male,Internet,42,Berbera,3502,712,274,3087,Telesom is the leading Telecom in Somaliland 
2022-01-12T02:18:53.086Z,Female,Mushaax,29,Laascaanod,2967,2485,3491,3807,I always like your new services 
2022-01-06T22:22:50.922Z,Male,Kaafiye,24,Borama,1705,2852,1298,3176,Telesom is the leading Telecom in Somaliland 
2022-01-10T17:31:15.553Z,Male,Waafi,20,Gabiley,3368,583,3236,1728,I like your qaulity service
2022-01-11T19:31:27.774Z,Female,Internet,33,Buuhoodle,3814,1773,3365,1600,"Telesom you have dedicated network coverage, where ever I go, I got your connections"
2022-01-05T03:52:02.046Z,Female,Aqoonmaal,18,Borama,750,4402,1144,2721,Telesom is the leading Telecom in Somaliland 
2022-01-12T16:22:46.854Z,Male,Mushaax,17,Borama,3987,504,660,356,Telesom is the leading Telecom in Somaliland 
2022-01-12T18:31:26.522Z,Male,Kaafiye,16,Gabiley,4500,1587,344,3378,Telesom are always telecom pioneers
2022-01-12T23:39:23.811Z,Female,Waafi,25,Laascaanod,3818,4162,643,558,I like your qaulity service
2022-01-12T12:15:52.872Z,Male,Internet,26,Gabiley,3022,1476,2475,2235,Telesom is the leading Telecom in Somaliland 
2022-01-12T09:58:14.014Z,Male,Aqoonmaal,23,Laascaanod,1898,2015,4025,2789,I like your qaulity service
2022-01-09T15:31:01.659Z,Female,Aqoonmaal,28,Hargeisa,2592,3206,212,802,"Telesom innovate new service, I like your services "
2022-01-13T05:05:13.993Z,Female,Aqoonmaal,37,Borama,4465,1966,2770,4060,"Telesom innovate new service, I like your services "
2022-01-12T19:32:43.118Z,Male,Aqoonmaal,16,Oodweyne,3402,4438,1913,2608,"Telesom you have dedicated network coverage, where ever I go, I got your connections"
2022-01-12T19:39:12.140Z,Male,Mushaax,31,Burco,3942,1599,3931,3173,I like your qaulity service
2022-01-12T19:47:52.948Z,Male,Kaafiye,45,Berbera,3724,3473,2634,969,I like your qaulity service
2022-01-12T19:53:51.785Z,Male,Waafi,43,Burco,2991,121,3829,743,I always like your new services 
2022-01-12T11:05:42.280Z,Female,Internet,45,Borama,1695,3874,618,3379,I like your qaulity service
2022-01-10T11:54:00.769Z,Female,Aqoonmaal,43,Gabiley,806,3239,3729,2603,"Telesom innovate new service, I like your services "
2022-01-13T03:19:17.814Z,Male,Mushaax,42,Berbera,1712,1305,1892,3620,"Telesom innovate new service, I like your services "
2022-01-08T23:33:10.196Z,Male,Internet,42,Berbera,3502,712,274,3087,"Telesom you have dedicated network coverage, where ever I go, I got your connections"
2022-01-13T05:29:29.120Z,Female,Mushaax,29,Laascaanod,2967,2485,3491,3807,Thanks for you innovation 
2022-01-13T08:39:30.210Z,Male,Kaafiye,24,Borama,1705,2852,1298,3176,Telesom is the leading Telecom in Somaliland 
2022-01-12T19:44:47.191Z,Male,Waafi,20,Gabiley,3368,583,3236,1728,I always like your new services 
2022-01-13T02:45:40.291Z,Female,Internet,33,Buuhoodle,3814,1773,3365,1600,Telesom is the leading Telecom in Somaliland 
2022-01-11T09:53:08.985Z,Female,Aqoonmaal,18,Borama,750,4402,1144,2721,Telesom is always first 
2022-01-13T09:53:51.232Z,Male,Mushaax,17,Borama,3987,504,660,356,Telesom is always first 
2022-01-03T12:19:03.271Z,Male,Kaafiye,16,Gabiley,4500,1587,344,3378,Thanks for you innovation 
2022-01-13T13:32:10.087Z,Female,Waafi,25,Laascaanod,3818,4162,643,558,Thanks for you innovation 
2022-01-11T07:42:54.106Z,Male,Internet,26,Gabiley,3022,1476,2475,2235,I always like your new services 
2022-01-09T22:26:11.220Z,Male,Aqoonmaal,23,Laascaanod,1898,2015,4025,2789,Thanks for you innovation 
2022-01-12T23:01:46.884Z,Female,Aqoonmaal,28,Hargeisa,2592,3206,212,802,Telesom are always telecom pioneers
2022-01-13T05:50:15.312Z,Female,Aqoonmaal,37,Borama,4465,1966,2770,4060,"Telesom innovate new service, I like your services "
2022-01-13T11:56:54.687Z,Male,Aqoonmaal,16,Oodweyne,3402,4438,1913,2608,"Telesom you have dedicated network coverage, where ever I go, I got your connections"
2022-01-04T20:38:31.962Z,Male,Mushaax,31,Burco,3942,1599,3931,3173,I always like your new services 
2022-01-13T15:40:22.388Z,Male,Kaafiye,45,Berbera,3724,3473,2634,969,"Telesom innovate new service, I like your services "
2022-01-12T12:54:56.852Z,Male,Waafi,43,Burco,2991,121,3829,743,I like your qaulity service
2022-01-10T04:32:16.745Z,Female,Internet,45,Borama,1695,3874,618,3379,Telesom is the leading Telecom in Somaliland 
2022-01-12T04:03:17.955Z,Female,Aqoonmaal,43,Gabiley,806,3239,3729,2603,Telesom is always first 
2022-01-09T01:45:18.344Z,Male,Mushaax,42,Berbera,1712,1305,1892,3620,"Telesom innovate new service, I like your services "
2022-01-11T13:47:48.106Z,Male,Internet,42,Berbera,3502,712,274,3087,"Telesom innovate new service, I like your services "
2022-01-13T13:14:55.579Z,Female,Mushaax,29,Laascaanod,2967,2485,3491,3807,"Telesom innovate new service, I like your services "
2022-01-12T21:50:42.780Z,Male,Kaafiye,24,Borama,1705,2852,1298,3176,Thanks for you innovation 
2022-01-10T17:12:58.918Z,Male,Waafi,20,Gabiley,3368,583,3236,1728,"Telesom you have dedicated network coverage, where ever I go, I got your connections"
2022-01-13T08:06:39.067Z,Female,Internet,33,Buuhoodle,3814,1773,3365,1600,Telesom is always first 
2022-01-13T05:41:14.960Z,Female,Aqoonmaal,18,Borama,750,4402,1144,2721,"Telesom you have dedicated network coverage, where ever I go, I got your connections"
2022-01-14T13:44:38.919Z,Male,Mushaax,17,Borama,3987,504,660,356,Telesom are always telecom pioneers
2022-01-14T02:24:10.201Z,Male,Kaafiye,16,Gabiley,4500,1587,344,3378,Thanks for you innovation 
2022-01-13T23:16:05.542Z,Female,Waafi,25,Laascaanod,3818,4162,643,558,Telesom is the leading Telecom in Somaliland 
2022-01-14T13:34:10.500Z,Male,Internet,26,Gabiley,3022,1476,2475,2235,"Telesom innovate new service, I like your services "
2022-01-13T20:37:11.331Z,Male,Aqoonmaal,23,Laascaanod,1898,2015,4025,2789,I always like your new services 
2022-01-15T05:48:39.922Z,Female,Aqoonmaal,28,Hargeisa,2592,3206,212,802,"Telesom innovate new service, I like your services "
2022-01-12T00:55:17.677Z,Female,Aqoonmaal,37,Borama,4465,1966,2770,4060,Thanks for you innovation 
2022-01-13T18:44:33.650Z,Male,Aqoonmaal,16,Oodweyne,3402,4438,1913,2608,"Telesom innovate new service, I like your services "
2022-01-13T10:47:52.382Z,Male,Mushaax,31,Burco,3942,1599,3931,3173,Thanks for you innovation 
2022-01-13T16:20:54.884Z,Male,Kaafiye,45,Berbera,3724,3473,2634,969,"Telesom innovate new service, I like your services "
2022-01-11T06:13:17.811Z,Male,Waafi,43,Burco,2991,121,3829,743,Telesom is always first 
2022-01-14T16:27:45.761Z,Female,Internet,45,Borama,1695,3874,618,3379,"Telesom innovate new service, I like your services "
2022-01-14T17:42:43.823Z,Female,Aqoonmaal,43,Gabiley,806,3239,3729,2603,Telesom is the leading Telecom in Somaliland 
2022-01-14T21:34:39.323Z,Male,Mushaax,42,Berbera,1712,1305,1892,3620,"Telesom innovate new service, I like your services "
2022-01-14T16:57:22.789Z,Male,Kaafiye,29,Hargeisa,326,400,1962,3270,Telesom is the leading Telecom in Somaliland 